id	nombre	direccion	telefono
160005255	Richardson, Nehru O.	872-9774 Mi Avenue	1-787-673-5256
162506965	Pennington, Desirae C.	P.O. Box 282, 397 Nam Street	997-1110
165214234	Steele, Penelope L.	P.O. Box 456, 1093 Massa. St.	1-682-260-1440
162611714	Singleton, Wyatt M.	6073 Venenatis Ave	169-5838
168809108	Noble, Merritt D.	P.O. Box 151, 5265 Tincidunt St.	509-4863
168104562	Franks, Nissim Q.	Ap #141-5263 Porttitor Road	304-0991
164707898	Terrell, Yen Z.	259-6565 Vel Road	551-4786
161501109	Hendricks, Odysseus S.	2186 A Avenue	1-200-128-3819
169705152	Mason, Ocean O.	151-6254 Eleifend Rd.	693-9123
161804062	Owens, Sasha X.	Ap #992-6349 Arcu. Av.	1-959-166-6927
162515997	Delgado, Ivana E.	Ap #348-3621 Suspendisse Ave	1-264-989-8183
164110696	Ballard, Ebony X.	Ap #839-408 Eu Rd.	1-970-500-7146
168901992	Sullivan, Amber K.	P.O. Box 694, 1950 Neque Av.	1-591-599-2981
162308875	Malone, Wanda F.	Ap #957-6226 Odio. Av.	1-557-195-6932
160803504	George, Dawn J.	5430 Proin Avenue	1-760-689-7282
169603636	Wells, Basia Y.	8822 Egestas. Street	1-829-529-0361
161804948	Gross, Evan P.	P.O. Box 812, 8668 Pellentesque Rd.	1-151-464-0738
167406754	Houston, Cora V.	Ap #862-7138 Diam. Rd.	1-413-994-2655
161901585	Cortez, Ebony Y.	156-2924 Dolor Road	1-523-339-8280
166419952	Bailey, Graiden L.	Ap #654-6609 Cum Ave	1-581-442-8779
162409541	Bennett, Ima Z.	P.O. Box 472, 1575 Magna. Ave	834-8519
161806683	Vasquez, Lev V.	289-7677 Sem, Rd.	1-664-926-3290
168307997	Ayala, Martin E.	P.O. Box 105, 9793 Non Rd.	1-545-982-8561
160116623	Olson, Shad U.	Ap #494-3747 Montes, Road	421-7305
168914633	Bryant, Maris Z.	767-3818 Penatibus Avenue	699-7152
165413794	Barton, Demetrius F.	6109 Venenatis Street	1-110-120-3964
161609295	Jordan, Joel W.	P.O. Box 338, 9309 A Ave	1-657-185-3545
164403754	Henderson, Keegan L.	2482 Nulla Avenue	726-2638
161200009	Gibson, Regan L.	3179 Sit Av.	615-6189
163604093	Gay, Rosalyn G.	P.O. Box 527, 5474 Vestibulum Road	524-1905
161000765	Bowen, Graiden Q.	355-2406 Est, Rd.	1-952-399-2451
160909605	Casey, Bruno M.	9534 Taciti Rd.	1-581-572-7355
164217351	Conley, Jermaine V.	8507 Blandit St.	1-874-281-4418
169301644	Mccray, Macaulay I.	P.O. Box 662, 7064 Et, Rd.	308-1020
162000667	Decker, Winter O.	2596 Fermentum Ave	1-178-190-3666
162702770	Maynard, Chloe Y.	3614 Est. Road	734-6355
167103726	Vaughan, Kelly E.	2068 Convallis Road	1-658-898-0970
164003845	Roth, Fulton L.	869-5856 Diam. Road	320-1655
164216858	Case, Orli P.	P.O. Box 557, 1669 Blandit Rd.	268-4992
160307815	Leonard, Phillip E.	P.O. Box 541, 8168 Dui. Road	1-564-770-4250
161306080	Merrill, Blaine S.	Ap #173-2355 Rhoncus. Street	1-615-551-8183
166806523	Francis, Alexa J.	Ap #723-2970 Nam Road	648-7552
166004825	Day, Jermaine A.	644-3590 Phasellus Avenue	724-0393
161001866	Mayo, Graiden A.	3545 Erat. St.	679-2751
162604913	Monroe, Ima N.	5167 Vestibulum Ave	885-1400
163211746	Lamb, Stuart D.	178-4874 Eget Avenue	871-4797
166009558	Ruiz, Jayme Z.	P.O. Box 777, 6881 Dolor Road	506-2915
160308698	Acevedo, Sean B.	P.O. Box 943, 2447 Duis St.	319-2159
169806050	Burnett, Zoe J.	P.O. Box 305, 5595 Orci, St.	1-163-579-6218
164418147	Kent, Wing I.	3396 Magnis Avenue	472-0518
164201979	Swanson, Arden N.	546-7191 Malesuada Road	1-930-422-4840
160108841	Huber, Kelly S.	Ap #273-2114 Feugiat Avenue	205-4337
166407703	Eaton, Jerome W.	155-4899 Suspendisse Rd.	860-3249
164503612	Doyle, Baker K.	Ap #678-5136 Varius Ave	284-1843
161609363	Goodwin, Ayanna Z.	8675 Praesent St.	308-3370
167404169	Mullen, Ferris J.	4334 Risus Ave	1-266-580-4038
165007906	Strong, Silas V.	211-2482 Gravida. Av.	1-241-326-2641
168713831	Spears, Rahim M.	Ap #438-8060 Eget Ave	114-2003
160000361	Osborne, Emery X.	Ap #637-5307 Fermentum Road	1-666-494-1944
161806566	Compton, Nero F.	682 Non Rd.	705-0545
160307323	Molina, Margaret S.	Ap #225-605 Vulputate St.	445-5418
162805257	Crane, Chanda B.	P.O. Box 862, 3101 In St.	1-711-555-1994
163512166	Mathis, Cheryl C.	P.O. Box 597, 1825 Nisl. St.	1-498-517-4016
165906235	Craig, Jasmine Y.	2673 Eu, St.	131-3290
166003120	Atkinson, Mechelle X.	Ap #226-7462 Ut Rd.	811-7445
165916137	Trujillo, Ivan Q.	Ap #604-7853 A, Rd.	203-5289
160804215	Kirby, Orlando B.	6157 Eu Street	498-1002
167204577	Gill, MacKenzie W.	P.O. Box 260, 9946 Consequat Street	761-8740
165906292	Alvarez, Brenna U.	Ap #673-6012 Donec Ave	1-668-709-0518
165709958	Kinney, Felicia H.	7420 Et, Avenue	545-0132
166311481	Dyer, Preston N.	9111 Elementum Street	1-902-608-6740
163205278	Montoya, Lareina E.	P.O. Box 634, 210 Cursus Avenue	948-4339
160406910	Rowe, Blaine D.	403-6576 Curabitur St.	759-7838
164308948	Romero, Jolene B.	2741 Cursus. Road	1-903-484-7285
163904496	Flowers, Raphael A.	Ap #830-6998 Lectus Rd.	1-712-474-1718
163408781	Frost, Meredith A.	P.O. Box 345, 4561 Vivamus St.	133-1814
167706962	Gross, Brenden A.	774-3185 Non Avenue	1-147-256-5194
169805079	Bradshaw, Adam M.	Ap #804-7129 Phasellus Avenue	1-185-852-3393
168401001	Rasmussen, Yardley G.	938-3726 Id, Street	907-9923
168001382	Knowles, Angelica L.	Ap #410-2474 Ante Avenue	467-4948
164704440	Lynch, Wang F.	5536 Ultrices. Rd.	1-702-280-5430
165708759	Sutton, Lane H.	1223 Vitae Street	1-948-593-3956
162202227	Mathis, Oren Y.	123-7930 Dolor, Rd.	1-470-339-6823
163401571	Vazquez, Timothy V.	P.O. Box 879, 5218 Velit. Street	225-1509
167306908	Pitts, Dieter B.	P.O. Box 441, 5725 Sem Rd.	541-4014
168716524	Scott, Kathleen K.	613-8335 Nonummy Road	1-995-545-5737
164205682	Mccoy, Gail T.	6960 Nulla Ave	761-7457
161503254	Waters, Gray M.	Ap #148-8645 Ac St.	386-2309
167302896	Coffey, Rhonda L.	8770 Erat Road	344-5253
165507741	Conrad, Zachary L.	P.O. Box 581, 1738 Faucibus Avenue	910-0727
160306965	Lamb, Alea O.	P.O. Box 986, 9829 Sapien, Ave	1-597-866-0072
164909070	Terry, Kylie M.	Ap #597-1258 Integer Street	1-166-744-7201
163115499	Gould, Cruz K.	3275 Rutrum St.	1-747-990-6740
166303344	Barlow, Guinevere Q.	5712 Sem Av.	1-557-820-6622
160301699	Lane, Yvette J.	537-8483 Fusce Ave	762-3217
169004791	Robinson, Lois D.	Ap #260-7243 Magna Rd.	471-2758
165302001	Britt, Arthur G.	9082 Donec St.	461-9381
168300498	Workman, Gareth H.	8074 Et Rd.	1-440-632-9029
168202193	Howe, Charissa V.	Ap #405-5389 Cras St.	1-103-489-3412
161906189	Kelly, Cooper T.	2227 Donec St.	1-501-717-1365
